[
  {
    "id": "1712ba1e-8fc1-42f0-b3e4-b169eb6ae7d8",
    "data": [
      {
        "text": "Read",
        "userDefined": false
      }
    ],
    "isTemplate": false,
    "count": 0,
    "updated": 0
  },
  {
    "id": "7b3db869-79d6-47d7-b345-7fe6dd7bdc1c",
    "data": [
      {
        "text": "Show my details",
        "userDefined": false
      }
    ],
    "isTemplate": false,
    "count": 0,
    "updated": 0
  },
  {
    "id": "4ac4af17-b2d1-4a00-82a7-78ed5a6bc3e1",
    "data": [
      {
        "text": "Read Data",
        "userDefined": false
      }
    ],
    "isTemplate": false,
    "count": 0,
    "updated": 0
  }
]