[
  {
    "id": "1ed3d028-ce78-4066-954b-2c1e606c6ef8",
    "data": [
      {
        "text": "Lets do it",
        "userDefined": false
      }
    ],
    "isTemplate": false,
    "count": 0,
    "updated": 0
  },
  {
    "id": "4db47639-029b-4d92-9690-d5d5a48d80dd",
    "data": [
      {
        "text": "Yes",
        "userDefined": false
      }
    ],
    "isTemplate": false,
    "count": 0,
    "updated": 0
  },
  {
    "id": "c7f279dc-21d7-44e3-892a-3aed67922eaf",
    "data": [
      {
        "text": "Sure",
        "userDefined": false
      }
    ],
    "isTemplate": false,
    "count": 0,
    "updated": 0
  },
  {
    "id": "7d6ae837-d547-42c1-88f8-aa332223a0a6",
    "data": [
      {
        "text": "Save",
        "userDefined": false
      }
    ],
    "isTemplate": false,
    "count": 0,
    "updated": 0
  },
  {
    "id": "4e8dff3a-a43a-46a8-87d3-4aa78ef7d154",
    "data": [
      {
        "text": "save data",
        "userDefined": false
      }
    ],
    "isTemplate": false,
    "count": 0,
    "updated": 0
  },
  {
    "id": "a84a7884-2052-490c-a4ff-f5df45e6c2af",
    "data": [
      {
        "text": "save to DB",
        "userDefined": false
      }
    ],
    "isTemplate": false,
    "count": 0,
    "updated": 0
  },
  {
    "id": "9de6637e-d3a4-4c74-bec4-d222146f3a57",
    "data": [
      {
        "text": "save to database",
        "userDefined": false
      }
    ],
    "isTemplate": false,
    "count": 0,
    "updated": 0
  }
]